Category/Feature,Importance
Years of Experience,0.7267105387579018
Job Title,0.22196624145704497
Age,0.02628706480254691
Education Level,0.024992537900862546
Gender,4.3617081643514506e-05
