Category/Feature,Importance
Years of Experience,0.7511542542348953
Job Title,0.1945972875768749
Age,0.027161190351626927
Education Level,0.02700795168094424
Gender,7.93161556587469e-05
